<?xml version="1.0" encoding="UTF-8"?>
<jcr:root xmlns:sling="http://sling.apache.org/jcr/sling/1.0" xmlns:cq="http://www.day.com/jcr/cq/1.0" xmlns:jcr="http://www.jcp.org/jcr/1.0"
    jcr:description=""
    jcr:primaryType="cq:Tag"
    jcr:title="United States"
    sling:resourceType="cq/tagging/components/tag">
    <hawaii/>
    <california/>
    <texas/>
    <alabama/>
    <alaska/>
    <arizona/>
    <arkansas/>
    <colorado/>
    <connecticut/>
    <delaware/>
    <florida/>
    <georgia/>
    <idaho/>
    <illinois/>
    <indiana/>
    <iowa/>
    <kansas/>
    <kentucky/>
    <louisiana/>
    <maine/>
    <maryland/>
</jcr:root>
